Local;Evento;CATEGORIA;Piloto;Horário;Volta;Tempo Total da Volta;Setor 1;Setor 2;Setor 3;TOP SPEED
SPRINT CHALLENGE;TREINO OFICIAL OPCIONAL 2;N/A;32 - Matheus Roque - CHA S;13:09:56.949;1.0;1:47.716;0:20.972;0:53.201;0:33.542;139.766
SPRINT CHALLENGE;TREINO OFICIAL OPCIONAL 2;N/A;32 - Matheus Roque - CHA S;13:18:33.590;2.0;6:25.213;---;0:52.017;0:33.337;39.083
SPRINT CHALLENGE;TREINO OFICIAL OPCIONAL 2;N/A;32 - Matheus Roque - CHA S;13:20:16.994;3.0;1:43.403;0:20.527;0:50.499;0:32.378;145.596
SPRINT CHALLENGE;TREINO OFICIAL OPCIONAL 2;N/A;32 - Matheus Roque - CHA S;13:21:59.771;4.0;1:42.777;0:20.222;0:50.344;0:32.210;146.484
SPRINT CHALLENGE;TREINO OFICIAL OPCIONAL 2;N/A;32 - Matheus Roque - CHA S;13:32:46.117;5.0;8:49.153;---;0:54.460;0:34.542;28.451
SPRINT CHALLENGE;TREINO OFICIAL OPCIONAL 2;N/A;32 - Matheus Roque - CHA S;13:34:33.020;6.0;1:46.903;0:21.112;0:52.621;0:33.168;140.83
SPRINT CHALLENGE;TREINO OFICIAL OPCIONAL 2;N/A;32 - Matheus Roque - CHA S;13:36:19.189;7.0;1:46.168;0:20.815;0:51.789;0:33.563;141.804
SPRINT CHALLENGE;TREINO OFICIAL OPCIONAL 2;N/A;32 - Matheus Roque - CHA S;13:38:04.550;8.0;1:45.361;0:20.608;0:51.182;0:33.570;142.892
SPRINT CHALLENGE;TREINO OFICIAL OPCIONAL 2;N/A;32 - Matheus Roque - CHA S;13:39:49.773;9.0;1:45.222;0:20.640;0:51.715;0:32.866;143.079
SPRINT CHALLENGE;TREINO OFICIAL OPCIONAL 2;N/A;32 - Matheus Roque - CHA S;13:53:19.161;10.0;11:29.131;---;0:54.768;---;21.847
SPRINT CHALLENGE;TREINO OFICIAL OPCIONAL 2;N/A;32 - Matheus Roque - CHA S;14:01:33.733;11.0;8:14.572;---;0:55.799;0:34.962;30.441
SPRINT CHALLENGE;TREINO OFICIAL OPCIONAL 2;N/A;32 - Matheus Roque - CHA S;14:03:26.276;12.0;1:52.543;0:21.297;0:52.996;0:38.247;133.773
SPRINT CHALLENGE;TREINO OFICIAL OPCIONAL 2;N/A;32 - Matheus Roque - CHA S;14:05:12.856;13.0;1:46.579;0:20.716;0:52.265;0:33.597;141.257
SPRINT CHALLENGE;TREINO OFICIAL OPCIONAL 2;N/A;177 - Lucas Locatelli - CHA S;13:17:43.283;1.0;7:08.827;---;0:52.776;0:34.573;35.108
SPRINT CHALLENGE;TREINO OFICIAL OPCIONAL 2;N/A;177 - Lucas Locatelli - CHA S;13:19:27.915;2.0;1:44.632;0:21.175;0:51.018;0:32.438;143.887
SPRINT CHALLENGE;TREINO OFICIAL OPCIONAL 2;N/A;177 - Lucas Locatelli - CHA S;13:21:11.210;3.0;1:43.295;0:20.562;0:50.561;0:32.170;145.75
SPRINT CHALLENGE;TREINO OFICIAL OPCIONAL 2;N/A;177 - Lucas Locatelli - CHA S;13:32:52.408;4.0;9:42.775;---;0:52.844;0:33.987;25.834
SPRINT CHALLENGE;TREINO OFICIAL OPCIONAL 2;N/A;177 - Lucas Locatelli - CHA S;13:34:37.391;5.0;1:44.983;0:20.843;0:51.256;0:32.883;143.406
SPRINT CHALLENGE;TREINO OFICIAL OPCIONAL 2;N/A;177 - Lucas Locatelli - CHA S;13:36:27.009;6.0;1:49.617;0:21.234;0:55.246;0:33.137;137.342
SPRINT CHALLENGE;TREINO OFICIAL OPCIONAL 2;N/A;177 - Lucas Locatelli - CHA S;13:38:11.329;7.0;1:44.319;0:20.663;0:50.755;0:32.902;144.317
SPRINT CHALLENGE;TREINO OFICIAL OPCIONAL 2;N/A;177 - Lucas Locatelli - CHA S;13:39:56.697;8.0;1:45.367;0:20.964;0:50.713;0:33.689;142.882
SPRINT CHALLENGE;TREINO OFICIAL OPCIONAL 2;N/A;177 - Lucas Locatelli - CHA S;13:53:36.145;9.0;11:34.796;---;0:53.795;---;21.669
SPRINT CHALLENGE;TREINO OFICIAL OPCIONAL 2;N/A;177 - Lucas Locatelli - CHA S;14:01:06.057;10.0;7:29.911;---;0:54.043;0:33.840;33.463
SPRINT CHALLENGE;TREINO OFICIAL OPCIONAL 2;N/A;177 - Lucas Locatelli - CHA S;14:02:50.631;11.0;1:44.573;0:20.623;0:51.003;0:32.945;143.967
SPRINT CHALLENGE;TREINO OFICIAL OPCIONAL 2;N/A;177 - Lucas Locatelli - CHA S;14:04:34.552;12.0;1:43.921;0:20.321;0:50.796;0:32.802;144.872
SPRINT CHALLENGE;TREINO OFICIAL OPCIONAL 2;N/A;177 - Lucas Locatelli - CHA S;14:06:35.273;13.0;2:00.721;0:22.250;0:53.033;---;124.711
SPRINT CHALLENGE;TREINO OFICIAL OPCIONAL 2;N/A;58 - Cláudio Simão - CHA R;13:16:12.465;1.0;5:33.165;---;0:54.667;0:32.762;45.188
SPRINT CHALLENGE;TREINO OFICIAL OPCIONAL 2;N/A;58 - Cláudio Simão - CHA R;13:17:56.540;2.0;1:44.075;0:20.461;0:51.064;0:32.548;144.657
SPRINT CHALLENGE;TREINO OFICIAL OPCIONAL 2;N/A;58 - Cláudio Simão - CHA R;13:19:40.007;3.0;1:43.466;0:20.260;0:50.805;0:32.401;145.507
SPRINT CHALLENGE;TREINO OFICIAL OPCIONAL 2;N/A;58 - Cláudio Simão - CHA R;13:21:37.001;4.0;1:56.993;0:20.638;0:52.715;---;128.684
SPRINT CHALLENGE;TREINO OFICIAL OPCIONAL 2;N/A;58 - Cláudio Simão - CHA R;13:31:58.977;5.0;10:21.975;---;0:53.088;0:33.710;24.205
SPRINT CHALLENGE;TREINO OFICIAL OPCIONAL 2;N/A;58 - Cláudio Simão - CHA R;13:33:46.058;6.0;1:47.081;0:20.809;0:52.305;0:33.966;140.596
SPRINT CHALLENGE;TREINO OFICIAL OPCIONAL 2;N/A;58 - Cláudio Simão - CHA R;13:35:33.198;7.0;1:47.140;0:20.736;0:52.420;0:33.981;140.519
SPRINT CHALLENGE;TREINO OFICIAL OPCIONAL 2;N/A;58 - Cláudio Simão - CHA R;13:37:21.477;8.0;1:48.278;0:20.826;0:53.045;0:34.405;139.041
SPRINT CHALLENGE;TREINO OFICIAL OPCIONAL 2;N/A;58 - Cláudio Simão - CHA R;13:39:08.215;9.0;1:46.737;0:21.138;0:52.164;0:33.435;141.048
SPRINT CHALLENGE;TREINO OFICIAL OPCIONAL 2;N/A;58 - Cláudio Simão - CHA R;13:40:54.447;10.0;1:46.231;0:20.878;0:52.314;0:33.039;141.72
SPRINT CHALLENGE;TREINO OFICIAL OPCIONAL 2;N/A;22 - Caio CASTRO - CHA;13:18:17.439;1.0;1:46.287;0:20.984;0:51.777;0:33.524;141.647
SPRINT CHALLENGE;TREINO OFICIAL OPCIONAL 2;N/A;22 - Caio CASTRO - CHA;13:20:02.357;2.0;1:44.918;0:20.826;0:51.509;0:32.582;143.495
SPRINT CHALLENGE;TREINO OFICIAL OPCIONAL 2;N/A;22 - Caio CASTRO - CHA;13:21:46.796;3.0;1:44.438;0:20.667;0:51.463;0:32.307;144.153
SPRINT CHALLENGE;TREINO OFICIAL OPCIONAL 2;N/A;22 - Caio CASTRO - CHA;13:31:10.613;4.0;7:22.232;---;0:53.158;0:32.570;34.044
SPRINT CHALLENGE;TREINO OFICIAL OPCIONAL 2;N/A;22 - Caio CASTRO - CHA;13:32:54.998;5.0;1:44.385;0:20.411;0:51.387;0:32.585;144.228
SPRINT CHALLENGE;TREINO OFICIAL OPCIONAL 2;N/A;22 - Caio CASTRO - CHA;13:34:38.966;6.0;1:43.968;0:20.428;0:51.130;0:32.408;144.806
SPRINT CHALLENGE;TREINO OFICIAL OPCIONAL 2;N/A;22 - Caio CASTRO - CHA;13:36:23.462;7.0;1:44.495;0:20.693;0:51.567;0:32.234;144.074
SPRINT CHALLENGE;TREINO OFICIAL OPCIONAL 2;N/A;22 - Caio CASTRO - CHA;13:38:22.911;8.0;1:59.448;0:21.580;0:56.725;---;126.039
SPRINT CHALLENGE;TREINO OFICIAL OPCIONAL 2;N/A;22 - Caio CASTRO - CHA;13:53:03.028;9.0;14:40.116;---;1:04.522;0:34.701;17.106
SPRINT CHALLENGE;TREINO OFICIAL OPCIONAL 2;N/A;22 - Caio CASTRO - CHA;14:01:29.427;10.0;6:05.399;---;0:58.018;0:39.853;41.202
SPRINT CHALLENGE;TREINO OFICIAL OPCIONAL 2;N/A;22 - Caio CASTRO - CHA;14:03:16.593;11.0;1:47.165;0:22.403;0:52.295;0:32.466;140.485
SPRINT CHALLENGE;TREINO OFICIAL OPCIONAL 2;N/A;22 - Caio CASTRO - CHA;14:05:01.374;12.0;1:44.781;0:20.657;0:51.738;0:32.384;143.683
SPRINT CHALLENGE;TREINO OFICIAL OPCIONAL 2;N/A;22 - Caio CASTRO - CHA;14:06:45.355;13.0;1:43.980;0:20.475;0:51.317;0:32.188;144.788
SPRINT CHALLENGE;TREINO OFICIAL OPCIONAL 2;N/A;66 - Sadak Leite - CHA;13:17:48.526;1.0;5:56.776;---;0:53.524;0:34.173;42.198
SPRINT CHALLENGE;TREINO OFICIAL OPCIONAL 2;N/A;66 - Sadak Leite - CHA;13:19:34.405;2.0;1:45.879;0:20.975;0:51.643;0:33.259;142.193
SPRINT CHALLENGE;TREINO OFICIAL OPCIONAL 2;N/A;66 - Sadak Leite - CHA;13:21:19.553;3.0;1:45.147;0:20.690;0:51.390;0:33.067;143.181
SPRINT CHALLENGE;TREINO OFICIAL OPCIONAL 2;N/A;66 - Sadak Leite - CHA;13:32:42.662;4.0;9:30.089;---;0:54.524;0:33.518;26.409
SPRINT CHALLENGE;TREINO OFICIAL OPCIONAL 2;N/A;66 - Sadak Leite - CHA;13:34:27.448;5.0;1:44.786;0:20.672;0:51.445;0:32.667;143.676
SPRINT CHALLENGE;TREINO OFICIAL OPCIONAL 2;N/A;66 - Sadak Leite - CHA;13:36:11.558;6.0;1:44.109;0:20.666;0:50.914;0:32.530;144.609
SPRINT CHALLENGE;TREINO OFICIAL OPCIONAL 2;N/A;66 - Sadak Leite - CHA;13:37:55.759;7.0;1:44.200;0:20.640;0:50.561;0:32.997;144.482
SPRINT CHALLENGE;TREINO OFICIAL OPCIONAL 2;N/A;66 - Sadak Leite - CHA;13:39:41.586;8.0;1:45.826;0:21.062;0:51.838;0:32.926;142.262
SPRINT CHALLENGE;TREINO OFICIAL OPCIONAL 2;N/A;45 - Jose Moura Neto - CHA S;13:09:21.639;1.0;1:48.063;0:21.292;0:53.779;0:32.993;139.317
SPRINT CHALLENGE;TREINO OFICIAL OPCIONAL 2;N/A;45 - Jose Moura Neto - CHA S;13:16:53.292;2.0;5:19.391;---;0:54.929;0:33.179;47.137
SPRINT CHALLENGE;TREINO OFICIAL OPCIONAL 2;N/A;45 - Jose Moura Neto - CHA S;13:18:38.141;3.0;1:44.849;0:20.778;0:51.198;0:32.871;143.589
SPRINT CHALLENGE;TREINO OFICIAL OPCIONAL 2;N/A;45 - Jose Moura Neto - CHA S;13:20:22.942;4.0;1:44.801;0:20.672;0:51.335;0:32.793;143.655
SPRINT CHALLENGE;TREINO OFICIAL OPCIONAL 2;N/A;45 - Jose Moura Neto - CHA S;13:22:07.917;5.0;1:44.974;0:20.696;0:51.639;0:32.640;143.417
SPRINT CHALLENGE;TREINO OFICIAL OPCIONAL 2;N/A;45 - Jose Moura Neto - CHA S;13:33:59.246;6.0;9:42.755;---;0:54.191;0:33.304;25.834
SPRINT CHALLENGE;TREINO OFICIAL OPCIONAL 2;N/A;45 - Jose Moura Neto - CHA S;13:35:45.558;7.0;1:46.311;0:21.167;0:52.259;0:32.884;141.613
SPRINT CHALLENGE;TREINO OFICIAL OPCIONAL 2;N/A;45 - Jose Moura Neto - CHA S;13:37:33.564;8.0;1:48.006;0:20.448;0:52.098;0:35.459;139.392
SPRINT CHALLENGE;TREINO OFICIAL OPCIONAL 2;N/A;45 - Jose Moura Neto - CHA S;13:39:21.769;9.0;1:48.204;0:20.477;0:51.270;0:36.457;139.136
SPRINT CHALLENGE;TREINO OFICIAL OPCIONAL 2;N/A;45 - Jose Moura Neto - CHA S;13:41:11.900;10.0;1:50.131;0:22.146;0:55.109;0:32.875;136.703
SPRINT CHALLENGE;TREINO OFICIAL OPCIONAL 2;N/A;45 - Jose Moura Neto - CHA S;13:52:23.496;11.0;8:59.562;9:43.597;0:52.905;0:35.091;27.903
SPRINT CHALLENGE;TREINO OFICIAL OPCIONAL 2;N/A;45 - Jose Moura Neto - CHA S;13:54:37.724;12.0;2:14.228;0:20.525;0:57.567;---;112.161
SPRINT CHALLENGE;TREINO OFICIAL OPCIONAL 2;N/A;45 - Jose Moura Neto - CHA S;14:01:18.645;13.0;6:40.920;---;0:56.301;0:37.073;37.552
SPRINT CHALLENGE;TREINO OFICIAL OPCIONAL 2;N/A;45 - Jose Moura Neto - CHA S;14:03:08.582;14.0;1:49.936;0:20.608;0:55.292;0:34.036;136.944
SPRINT CHALLENGE;TREINO OFICIAL OPCIONAL 2;N/A;45 - Jose Moura Neto - CHA S;14:04:52.750;15.0;1:44.168;0:20.527;0:51.188;0:32.451;144.528
SPRINT CHALLENGE;TREINO OFICIAL OPCIONAL 2;N/A;45 - Jose Moura Neto - CHA S;14:06:51.610;16.0;1:58.859;0:20.468;0:54.078;---;126.663
SPRINT CHALLENGE;TREINO OFICIAL OPCIONAL 2;N/A;21 - Daniel Neumann - CHA R;13:08:57.011;1.0;1:47.051;0:22.647;0:51.906;0:32.496;140.636
SPRINT CHALLENGE;TREINO OFICIAL OPCIONAL 2;N/A;21 - Daniel Neumann - CHA R;13:16:18.372;2.0;5:26.338;---;0:53.868;0:33.631;46.134
SPRINT CHALLENGE;TREINO OFICIAL OPCIONAL 2;N/A;21 - Daniel Neumann - CHA R;13:18:46.373;3.0;2:28.001;0:20.275;0:50.554;---;101.724
SPRINT CHALLENGE;TREINO OFICIAL OPCIONAL 2;N/A;21 - Daniel Neumann - CHA R;13:36:32.904;4.0;17:46.530;---;0:56.167;0:33.064;14.116
SPRINT CHALLENGE;TREINO OFICIAL OPCIONAL 2;N/A;21 - Daniel Neumann - CHA R;13:38:18.451;5.0;1:45.546;0:20.701;0:51.765;0:33.079;142.64
SPRINT CHALLENGE;TREINO OFICIAL OPCIONAL 2;N/A;21 - Daniel Neumann - CHA R;13:40:02.647;6.0;1:44.195;0:20.379;0:51.161;0:32.655;144.489
SPRINT CHALLENGE;TREINO OFICIAL OPCIONAL 2;N/A;21 - Daniel Neumann - CHA R;13:52:57.840;7.0;10:52.019;---;0:57.399;0:34.679;23.09
SPRINT CHALLENGE;TREINO OFICIAL OPCIONAL 2;N/A;21 - Daniel Neumann - CHA R;14:01:59.566;8.0;6:43.922;---;1:08.281;---;37.273
SPRINT CHALLENGE;TREINO OFICIAL OPCIONAL 2;N/A;21 - Daniel Neumann - CHA R;14:05:10.658;9.0;3:11.092;---;0:54.027;0:33.558;78.785
SPRINT CHALLENGE;TREINO OFICIAL OPCIONAL 2;N/A;54 - Caio Chaves - CHA;13:33:22.157;1.0;8:00.223;---;0:55.310;0:33.695;31.35
SPRINT CHALLENGE;TREINO OFICIAL OPCIONAL 2;N/A;54 - Caio Chaves - CHA;13:35:07.930;2.0;1:45.772;0:21.420;0:51.649;0:32.701;142.335
SPRINT CHALLENGE;TREINO OFICIAL OPCIONAL 2;N/A;54 - Caio Chaves - CHA;13:36:52.663;3.0;1:44.733;0:20.632;0:51.319;0:32.780;143.748
SPRINT CHALLENGE;TREINO OFICIAL OPCIONAL 2;N/A;54 - Caio Chaves - CHA;13:38:49.361;4.0;1:56.697;0:21.713;1:01.783;0:33.201;129.01
SPRINT CHALLENGE;TREINO OFICIAL OPCIONAL 2;N/A;54 - Caio Chaves - CHA;13:40:33.588;5.0;1:44.227;0:20.617;0:51.223;0:32.384;144.446
SPRINT CHALLENGE;TREINO OFICIAL OPCIONAL 2;N/A;54 - Caio Chaves - CHA;14:01:28.217;6.0;6:01.862;---;0:52.600;0:33.805;41.605
SPRINT CHALLENGE;TREINO OFICIAL OPCIONAL 2;N/A;54 - Caio Chaves - CHA;14:03:16.126;7.0;1:47.909;0:22.469;0:52.551;0:32.887;139.518
SPRINT CHALLENGE;TREINO OFICIAL OPCIONAL 2;N/A;54 - Caio Chaves - CHA;14:05:08.613;8.0;1:52.486;0:20.650;0:57.039;0:34.795;133.839
SPRINT CHALLENGE;TREINO OFICIAL OPCIONAL 2;N/A;82 - Gerson CAMPOS - CHA;13:09:09.401;1.0;1:45.411;0:20.919;0:51.774;0:32.716;142.824
SPRINT CHALLENGE;TREINO OFICIAL OPCIONAL 2;N/A;82 - Gerson CAMPOS - CHA;13:17:01.477;2.0;5:33.088;---;0:55.140;0:35.670;45.199
SPRINT CHALLENGE;TREINO OFICIAL OPCIONAL 2;N/A;82 - Gerson CAMPOS - CHA;13:18:46.629;3.0;1:45.152;0:20.586;0:51.509;0:33.054;143.176
SPRINT CHALLENGE;TREINO OFICIAL OPCIONAL 2;N/A;82 - Gerson CAMPOS - CHA;13:20:36.674;4.0;1:50.045;0:20.484;0:56.380;0:33.180;136.809
SPRINT CHALLENGE;TREINO OFICIAL OPCIONAL 2;N/A;82 - Gerson CAMPOS - CHA;13:22:21.918;5.0;1:45.243;0:20.452;0:51.820;0:32.970;143.05
SPRINT CHALLENGE;TREINO OFICIAL OPCIONAL 2;N/A;82 - Gerson CAMPOS - CHA;13:31:25.492;6.0;6:48.502;---;0:53.340;0:33.119;36.855
SPRINT CHALLENGE;TREINO OFICIAL OPCIONAL 2;N/A;82 - Gerson CAMPOS - CHA;13:33:10.105;7.0;1:44.612;0:20.469;0:51.363;0:32.779;143.913
SPRINT CHALLENGE;TREINO OFICIAL OPCIONAL 2;N/A;82 - Gerson CAMPOS - CHA;13:34:54.793;8.0;1:44.688;0:20.586;0:51.347;0:32.753;143.81
SPRINT CHALLENGE;TREINO OFICIAL OPCIONAL 2;N/A;82 - Gerson CAMPOS - CHA;13:36:39.134;9.0;1:44.340;0:20.399;0:51.439;0:32.500;144.288
SPRINT CHALLENGE;TREINO OFICIAL OPCIONAL 2;N/A;82 - Gerson CAMPOS - CHA;13:38:23.401;10.0;1:44.266;0:20.416;0:51.219;0:32.631;144.391
SPRINT CHALLENGE;TREINO OFICIAL OPCIONAL 2;N/A;82 - Gerson CAMPOS - CHA;13:40:07.741;11.0;1:44.340;0:20.410;0:51.162;0:32.767;144.29
SPRINT CHALLENGE;TREINO OFICIAL OPCIONAL 2;N/A;82 - Gerson CAMPOS - CHA;13:52:36.600;12.0;10:19.981;---;0:51.853;0:32.712;24.283
SPRINT CHALLENGE;TREINO OFICIAL OPCIONAL 2;N/A;82 - Gerson CAMPOS - CHA;14:01:52.756;13.0;6:56.262;---;0:58.993;0:33.140;36.168
SPRINT CHALLENGE;TREINO OFICIAL OPCIONAL 2;N/A;82 - Gerson CAMPOS - CHA;14:03:38.291;14.0;1:45.534;0:20.907;0:51.600;0:33.027;142.656
SPRINT CHALLENGE;TREINO OFICIAL OPCIONAL 2;N/A;82 - Gerson CAMPOS - CHA;14:05:38.622;15.0;2:00.331;0:20.621;0:53.348;---;125.115
SPRINT CHALLENGE;TREINO OFICIAL OPCIONAL 2;N/A;77 - Mario Delara - CHA S;13:09:50.283;1.0;1:57.081;0:21.036;0:59.814;0:36.228;128.588
SPRINT CHALLENGE;TREINO OFICIAL OPCIONAL 2;N/A;77 - Mario Delara - CHA S;13:17:25.466;2.0;5:18.627;---;0:55.682;0:33.887;47.25
SPRINT CHALLENGE;TREINO OFICIAL OPCIONAL 2;N/A;77 - Mario Delara - CHA S;13:19:10.828;3.0;1:45.361;0:20.746;0:51.823;0:32.790;142.89
SPRINT CHALLENGE;TREINO OFICIAL OPCIONAL 2;N/A;77 - Mario Delara - CHA S;13:21:07.921;4.0;1:57.093;0:23.605;1:00.219;0:33.268;128.575
SPRINT CHALLENGE;TREINO OFICIAL OPCIONAL 2;N/A;77 - Mario Delara - CHA S;13:32:35.220;5.0;9:28.265;---;0:52.936;0:37.033;26.493
SPRINT CHALLENGE;TREINO OFICIAL OPCIONAL 2;N/A;77 - Mario Delara - CHA S;13:34:19.791;6.0;1:44.570;0:20.504;0:51.298;0:32.768;143.971
SPRINT CHALLENGE;TREINO OFICIAL OPCIONAL 2;N/A;77 - Mario Delara - CHA S;13:36:04.092;7.0;1:44.301;0:20.756;0:51.286;0:32.258;144.344
SPRINT CHALLENGE;TREINO OFICIAL OPCIONAL 2;N/A;77 - Mario Delara - CHA S;13:38:02.248;8.0;1:58.156;0:20.925;0:51.183;---;127.418
SPRINT CHALLENGE;TREINO OFICIAL OPCIONAL 2;N/A;77 - Mario Delara - CHA S;13:52:21.233;9.0;14:18.985;---;0:55.350;0:33.743;17.527
SPRINT CHALLENGE;TREINO OFICIAL OPCIONAL 2;N/A;77 - Mario Delara - CHA S;13:54:35.499;10.0;2:14.265;0:20.591;0:58.963;---;112.13
SPRINT CHALLENGE;TREINO OFICIAL OPCIONAL 2;N/A;77 - Mario Delara - CHA S;14:01:11.659;11.0;6:36.160;---;0:54.229;0:33.735;38.003
SPRINT CHALLENGE;TREINO OFICIAL OPCIONAL 2;N/A;77 - Mario Delara - CHA S;14:03:02.373;12.0;1:50.713;0:20.647;0:56.253;0:33.813;135.983
SPRINT CHALLENGE;TREINO OFICIAL OPCIONAL 2;N/A;77 - Mario Delara - CHA S;14:04:47.106;13.0;1:44.733;0:20.649;0:51.543;0:32.539;143.748
SPRINT CHALLENGE;TREINO OFICIAL OPCIONAL 2;N/A;77 - Mario Delara - CHA S;14:06:31.879;14.0;1:44.772;0:20.457;0:51.368;0:32.948;143.694
SPRINT CHALLENGE;TREINO OFICIAL OPCIONAL 2;N/A;5 - George Crispim - CHA S;13:09:30.979;1.0;1:49.891;0:21.754;0:54.362;0:33.774;137.001
SPRINT CHALLENGE;TREINO OFICIAL OPCIONAL 2;N/A;5 - George Crispim - CHA S;13:17:13.412;2.0;5:24.540;---;0:54.664;0:33.765;46.389
SPRINT CHALLENGE;TREINO OFICIAL OPCIONAL 2;N/A;5 - George Crispim - CHA S;13:19:00.893;3.0;1:47.480;0:21.028;0:52.933;0:33.518;140.073
SPRINT CHALLENGE;TREINO OFICIAL OPCIONAL 2;N/A;5 - George Crispim - CHA S;13:20:47.964;4.0;1:47.070;0:21.013;0:52.792;0:33.264;140.61
SPRINT CHALLENGE;TREINO OFICIAL OPCIONAL 2;N/A;5 - George Crispim - CHA S;13:29:05.838;5.0;8:17.874;0:21.210;0:55.067;---;30.239
SPRINT CHALLENGE;TREINO OFICIAL OPCIONAL 2;N/A;5 - George Crispim - CHA S;13:37:08.633;6.0;8:02.795;---;0:58.037;0:34.308;31.183
SPRINT CHALLENGE;TREINO OFICIAL OPCIONAL 2;N/A;5 - George Crispim - CHA S;13:38:56.637;7.0;1:48.004;0:21.118;0:53.496;0:33.387;139.395
SPRINT CHALLENGE;TREINO OFICIAL OPCIONAL 2;N/A;5 - George Crispim - CHA S;13:40:42.266;8.0;1:45.629;0:20.818;0:52.064;0:32.744;142.529
SPRINT CHALLENGE;TREINO OFICIAL OPCIONAL 2;N/A;5 - George Crispim - CHA S;13:52:18.452;9.0;9:21.475;---;0:53.654;0:33.279;26.814
SPRINT CHALLENGE;TREINO OFICIAL OPCIONAL 2;N/A;5 - George Crispim - CHA S;13:54:33.774;10.0;2:15.322;0:20.969;0:59.171;---;111.255
SPRINT CHALLENGE;TREINO OFICIAL OPCIONAL 2;N/A;5 - George Crispim - CHA S;14:01:08.814;11.0;6:35.040;---;0:53.895;0:33.276;38.111
SPRINT CHALLENGE;TREINO OFICIAL OPCIONAL 2;N/A;5 - George Crispim - CHA S;14:02:54.299;12.0;1:45.484;0:20.618;0:51.911;0:32.954;142.724
SPRINT CHALLENGE;TREINO OFICIAL OPCIONAL 2;N/A;5 - George Crispim - CHA S;14:04:39.192;13.0;1:44.893;0:20.664;0:51.478;0:32.750;143.529
SPRINT CHALLENGE;TREINO OFICIAL OPCIONAL 2;N/A;5 - George Crispim - CHA S;14:06:23.651;14.0;1:44.459;0:20.550;0:51.027;0:32.881;144.125
SPRINT CHALLENGE;TREINO OFICIAL OPCIONAL 2;N/A;33 - William Araujo - CHA R;13:09:03.169;1.0;1:48.563;0:21.919;0:52.642;0:34.002;138.677
SPRINT CHALLENGE;TREINO OFICIAL OPCIONAL 2;N/A;33 - William Araujo - CHA R;13:16:19.988;2.0;5:20.151;---;0:52.564;0:33.905;47.025
SPRINT CHALLENGE;TREINO OFICIAL OPCIONAL 2;N/A;33 - William Araujo - CHA R;13:18:05.969;3.0;1:45.980;0:20.707;0:51.615;0:33.658;142.056
SPRINT CHALLENGE;TREINO OFICIAL OPCIONAL 2;N/A;33 - William Araujo - CHA R;13:19:52.511;4.0;1:46.542;0:21.466;0:51.698;0:33.377;141.308
SPRINT CHALLENGE;TREINO OFICIAL OPCIONAL 2;N/A;33 - William Araujo - CHA R;13:21:37.557;5.0;1:45.046;0:20.960;0:51.351;0:32.734;143.32
SPRINT CHALLENGE;TREINO OFICIAL OPCIONAL 2;N/A;33 - William Araujo - CHA R;13:31:16.198;6.0;7:38.892;---;0:55.081;0:34.012;32.808
SPRINT CHALLENGE;TREINO OFICIAL OPCIONAL 2;N/A;33 - William Araujo - CHA R;13:33:01.917;7.0;1:45.718;0:20.920;0:51.841;0:32.957;142.408
SPRINT CHALLENGE;TREINO OFICIAL OPCIONAL 2;N/A;33 - William Araujo - CHA R;13:34:46.698;8.0;1:44.781;0:20.620;0:51.331;0:32.829;143.683
SPRINT CHALLENGE;TREINO OFICIAL OPCIONAL 2;N/A;33 - William Araujo - CHA R;13:36:31.623;9.0;1:44.924;0:20.635;0:51.143;0:33.146;143.485
SPRINT CHALLENGE;TREINO OFICIAL OPCIONAL 2;N/A;33 - William Araujo - CHA R;13:38:16.443;10.0;1:44.819;0:20.794;0:51.107;0:32.917;143.629
SPRINT CHALLENGE;TREINO OFICIAL OPCIONAL 2;N/A;33 - William Araujo - CHA R;13:40:01.174;11.0;1:44.730;0:20.871;0:50.920;0:32.938;143.751
SPRINT CHALLENGE;TREINO OFICIAL OPCIONAL 2;N/A;33 - William Araujo - CHA R;13:52:22.284;12.0;10:19.317;---;0:54.027;0:34.444;24.309
SPRINT CHALLENGE;TREINO OFICIAL OPCIONAL 2;N/A;33 - William Araujo - CHA R;13:54:40.667;13.0;2:18.383;0:21.039;0:59.582;---;108.794
SPRINT CHALLENGE;TREINO OFICIAL OPCIONAL 2;N/A;33 - William Araujo - CHA R;14:01:23.801;14.0;6:43.134;---;0:53.082;0:33.965;37.345
SPRINT CHALLENGE;TREINO OFICIAL OPCIONAL 2;N/A;33 - William Araujo - CHA R;14:03:33.849;15.0;2:10.048;0:20.917;1:15.876;0:33.253;115.766
SPRINT CHALLENGE;TREINO OFICIAL OPCIONAL 2;N/A;33 - William Araujo - CHA R;14:05:19.155;16.0;1:45.305;0:20.958;0:51.253;0:33.094;142.966
SPRINT CHALLENGE;TREINO OFICIAL OPCIONAL 2;N/A;7 - Luiz SOUZA - CHA S;13:09:05.268;1.0;1:50.894;0:23.711;0:53.630;0:33.551;135.762
SPRINT CHALLENGE;TREINO OFICIAL OPCIONAL 2;N/A;7 - Luiz SOUZA - CHA S;13:17:22.348;2.0;6:18.125;---;0:54.490;0:34.527;39.815
SPRINT CHALLENGE;TREINO OFICIAL OPCIONAL 2;N/A;7 - Luiz SOUZA - CHA S;13:19:10.256;3.0;1:47.908;0:21.513;0:53.225;0:33.170;139.519
SPRINT CHALLENGE;TREINO OFICIAL OPCIONAL 2;N/A;7 - Luiz SOUZA - CHA S;13:20:56.607;4.0;1:46.350;0:20.931;0:52.621;0:32.798;141.561
SPRINT CHALLENGE;TREINO OFICIAL OPCIONAL 2;N/A;7 - Luiz SOUZA - CHA S;13:22:44.176;5.0;1:47.569;0:20.907;0:52.429;0:34.232;139.959
SPRINT CHALLENGE;TREINO OFICIAL OPCIONAL 2;N/A;7 - Luiz SOUZA - CHA S;13:31:38.650;6.0;6:49.442;7:27.870;0:53.386;0:33.218;36.77
SPRINT CHALLENGE;TREINO OFICIAL OPCIONAL 2;N/A;7 - Luiz SOUZA - CHA S;13:33:24.691;7.0;1:46.040;0:20.885;0:52.039;0:33.115;141.975
SPRINT CHALLENGE;TREINO OFICIAL OPCIONAL 2;N/A;7 - Luiz SOUZA - CHA S;13:35:10.760;8.0;1:46.069;0:21.303;0:51.762;0:33.003;141.938
SPRINT CHALLENGE;TREINO OFICIAL OPCIONAL 2;N/A;7 - Luiz SOUZA - CHA S;13:36:56.935;9.0;1:46.174;0:20.943;0:51.774;0:33.456;141.796
SPRINT CHALLENGE;TREINO OFICIAL OPCIONAL 2;N/A;7 - Luiz SOUZA - CHA S;13:38:42.380;10.0;1:45.444;0:20.675;0:51.826;0:32.942;142.778
SPRINT CHALLENGE;TREINO OFICIAL OPCIONAL 2;N/A;7 - Luiz SOUZA - CHA S;13:40:28.769;11.0;1:46.388;0:21.146;0:52.343;0:32.899;141.511
SPRINT CHALLENGE;TREINO OFICIAL OPCIONAL 2;N/A;7 - Luiz SOUZA - CHA S;14:01:32.547;12.0;19:09.599;---;0:53.557;0:34.548;13.096
SPRINT CHALLENGE;TREINO OFICIAL OPCIONAL 2;N/A;7 - Luiz SOUZA - CHA S;14:03:17.296;13.0;1:44.748;0:20.817;0:51.329;0:32.601;143.726
SPRINT CHALLENGE;TREINO OFICIAL OPCIONAL 2;N/A;7 - Luiz SOUZA - CHA S;14:05:02.981;14.0;1:45.685;0:20.871;0:51.598;0:33.213;142.454
SPRINT CHALLENGE;TREINO OFICIAL OPCIONAL 2;N/A;23 - Leonardo Herrmann - CHA;13:09:25.189;1.0;1:46.004;0:21.042;0:52.195;0:32.767;142.023
SPRINT CHALLENGE;TREINO OFICIAL OPCIONAL 2;N/A;23 - Leonardo Herrmann - CHA;13:16:51.533;2.0;5:14.259;---;0:53.860;0:32.408;47.907
SPRINT CHALLENGE;TREINO OFICIAL OPCIONAL 2;N/A;23 - Leonardo Herrmann - CHA;13:18:36.385;3.0;1:44.852;0:21.355;0:51.125;0:32.371;143.585
SPRINT CHALLENGE;TREINO OFICIAL OPCIONAL 2;N/A;23 - Leonardo Herrmann - CHA;13:20:34.324;4.0;1:57.938;0:20.501;0:54.865;---;127.652
SPRINT CHALLENGE;TREINO OFICIAL OPCIONAL 2;N/A;98 - Cecília Rabelo - CHA S;13:16:19.910;1.0;5:35.627;---;0:55.598;0:34.362;44.857
SPRINT CHALLENGE;TREINO OFICIAL OPCIONAL 2;N/A;98 - Cecília Rabelo - CHA S;13:18:08.054;2.0;1:48.144;0:21.780;0:52.323;0:34.039;139.214
SPRINT CHALLENGE;TREINO OFICIAL OPCIONAL 2;N/A;98 - Cecília Rabelo - CHA S;13:19:54.470;3.0;1:46.415;0:20.862;0:52.286;0:33.267;141.475
SPRINT CHALLENGE;TREINO OFICIAL OPCIONAL 2;N/A;98 - Cecília Rabelo - CHA S;13:21:40.022;4.0;1:45.552;0:20.792;0:51.780;0:32.978;142.633
SPRINT CHALLENGE;TREINO OFICIAL OPCIONAL 2;N/A;98 - Cecília Rabelo - CHA S;13:31:18.036;5.0;7:38.817;---;1:01.487;0:33.950;32.813
SPRINT CHALLENGE;TREINO OFICIAL OPCIONAL 2;N/A;98 - Cecília Rabelo - CHA S;13:33:04.340;6.0;1:46.304;0:21.172;0:52.021;0:33.109;141.624
SPRINT CHALLENGE;TREINO OFICIAL OPCIONAL 2;N/A;98 - Cecília Rabelo - CHA S;13:34:49.821;7.0;1:45.480;0:20.687;0:51.722;0:33.070;142.729
SPRINT CHALLENGE;TREINO OFICIAL OPCIONAL 2;N/A;98 - Cecília Rabelo - CHA S;13:36:34.982;8.0;1:45.161;0:20.759;0:51.527;0:32.875;143.163
SPRINT CHALLENGE;TREINO OFICIAL OPCIONAL 2;N/A;98 - Cecília Rabelo - CHA S;13:38:27.783;9.0;1:52.801;0:20.599;0:52.511;---;133.467
SPRINT CHALLENGE;TREINO OFICIAL OPCIONAL 2;N/A;99 - Claudio Reina - CHA R;13:09:29.018;1.0;1:48.734;0:21.538;0:53.566;0:33.631;138.458
SPRINT CHALLENGE;TREINO OFICIAL OPCIONAL 2;N/A;99 - Claudio Reina - CHA R;13:17:04.786;2.0;5:22.545;---;0:53.401;0:33.652;46.676
SPRINT CHALLENGE;TREINO OFICIAL OPCIONAL 2;N/A;99 - Claudio Reina - CHA R;13:18:51.469;3.0;1:46.683;0:21.161;0:52.399;0:33.121;141.121
SPRINT CHALLENGE;TREINO OFICIAL OPCIONAL 2;N/A;99 - Claudio Reina - CHA R;13:20:38.256;4.0;1:46.787;0:21.231;0:52.295;0:33.259;140.983
SPRINT CHALLENGE;TREINO OFICIAL OPCIONAL 2;N/A;99 - Claudio Reina - CHA R;13:22:24.140;5.0;1:45.884;0:20.923;0:52.082;0:32.878;142.186
SPRINT CHALLENGE;TREINO OFICIAL OPCIONAL 2;N/A;99 - Claudio Reina - CHA R;13:33:52.146;6.0;9:11.489;---;0:53.933;0:33.810;27.299
SPRINT CHALLENGE;TREINO OFICIAL OPCIONAL 2;N/A;99 - Claudio Reina - CHA R;13:35:39.015;7.0;1:46.868;0:20.859;0:52.540;0:33.468;140.875
SPRINT CHALLENGE;TREINO OFICIAL OPCIONAL 2;N/A;99 - Claudio Reina - CHA R;13:37:24.859;8.0;1:45.843;0:20.678;0:51.896;0:33.270;142.24
SPRINT CHALLENGE;TREINO OFICIAL OPCIONAL 2;N/A;99 - Claudio Reina - CHA R;13:39:12.493;9.0;1:47.634;0:21.039;0:53.088;0:33.506;139.874
SPRINT CHALLENGE;TREINO OFICIAL OPCIONAL 2;N/A;99 - Claudio Reina - CHA R;13:40:59.703;10.0;1:47.209;0:21.047;0:52.658;0:33.503;140.427
SPRINT CHALLENGE;TREINO OFICIAL OPCIONAL 2;N/A;99 - Claudio Reina - CHA R;13:54:18.217;11.0;11:04.912;11:20.350;0:56.758;---;22.642
SPRINT CHALLENGE;TREINO OFICIAL OPCIONAL 2;N/A;99 - Claudio Reina - CHA R;14:00:59.629;12.0;6:41.411;---;0:54.779;0:33.494;37.506
SPRINT CHALLENGE;TREINO OFICIAL OPCIONAL 2;N/A;99 - Claudio Reina - CHA R;14:02:45.181;13.0;1:45.552;0:20.646;0:51.911;0:32.993;142.633
SPRINT CHALLENGE;TREINO OFICIAL OPCIONAL 2;N/A;99 - Claudio Reina - CHA R;14:04:30.599;14.0;1:45.418;0:20.728;0:51.823;0:32.866;142.814
SPRINT CHALLENGE;TREINO OFICIAL OPCIONAL 2;N/A;99 - Claudio Reina - CHA R;14:06:15.926;15.0;1:45.326;0:20.943;0:51.503;0:32.880;142.938
SPRINT CHALLENGE;TREINO OFICIAL OPCIONAL 2;N/A;2 - Rafa Brocchi - CHA R;13:09:03.535;1.0;1:48.262;0:21.923;0:52.993;0:33.344;139.063
SPRINT CHALLENGE;TREINO OFICIAL OPCIONAL 2;N/A;2 - Rafa Brocchi - CHA R;13:16:56.604;2.0;5:19.946;---;0:53.414;0:33.780;47.055
SPRINT CHALLENGE;TREINO OFICIAL OPCIONAL 2;N/A;2 - Rafa Brocchi - CHA R;13:18:44.176;3.0;1:47.572;0:20.780;0:53.521;0:33.271;139.955
SPRINT CHALLENGE;TREINO OFICIAL OPCIONAL 2;N/A;2 - Rafa Brocchi - CHA R;13:20:31.577;4.0;1:47.400;0:21.257;0:52.521;0:33.622;140.177
SPRINT CHALLENGE;TREINO OFICIAL OPCIONAL 2;N/A;2 - Rafa Brocchi - CHA R;13:22:18.416;5.0;1:46.838;0:20.961;0:52.947;0:32.929;140.915
SPRINT CHALLENGE;TREINO OFICIAL OPCIONAL 2;N/A;2 - Rafa Brocchi - CHA R;13:32:28.837;6.0;8:07.608;---;0:53.726;0:33.274;30.876
SPRINT CHALLENGE;TREINO OFICIAL OPCIONAL 2;N/A;2 - Rafa Brocchi - CHA R;13:34:14.668;7.0;1:45.831;0:20.626;0:52.118;0:33.085;142.257
SPRINT CHALLENGE;TREINO OFICIAL OPCIONAL 2;N/A;2 - Rafa Brocchi - CHA R;13:36:00.641;8.0;1:45.972;0:21.073;0:51.837;0:33.063;142.066
SPRINT CHALLENGE;TREINO OFICIAL OPCIONAL 2;N/A;2 - Rafa Brocchi - CHA R;13:37:56.989;9.0;1:56.347;0:20.628;0:51.875;0:43.844;129.398
SPRINT CHALLENGE;TREINO OFICIAL OPCIONAL 2;N/A;2 - Rafa Brocchi - CHA R;13:39:45.847;10.0;1:48.858;0:21.594;0:53.676;0:33.585;138.301
SPRINT CHALLENGE;TREINO OFICIAL OPCIONAL 2;N/A;2 - Rafa Brocchi - CHA R;13:53:40.410;11.0;11:56.971;---;0:56.509;---;20.998
SPRINT CHALLENGE;TREINO OFICIAL OPCIONAL 2;N/A;2 - Rafa Brocchi - CHA R;14:00:55.734;12.0;7:15.324;---;0:53.475;0:33.398;34.584
SPRINT CHALLENGE;TREINO OFICIAL OPCIONAL 2;N/A;2 - Rafa Brocchi - CHA R;14:02:42.094;13.0;1:46.359;0:20.800;0:52.292;0:33.268;141.549
SPRINT CHALLENGE;TREINO OFICIAL OPCIONAL 2;N/A;2 - Rafa Brocchi - CHA R;14:04:27.577;14.0;1:45.483;0:20.632;0:52.026;0:32.825;142.726
SPRINT CHALLENGE;TREINO OFICIAL OPCIONAL 2;N/A;2 - Rafa Brocchi - CHA R;14:06:13.382;15.0;1:45.805;0:20.920;0:51.472;0:33.411;142.292
SPRINT CHALLENGE;TREINO OFICIAL OPCIONAL 2;N/A;14 - André GAIDZINSKI - CHA S;13:09:19.511;1.0;1:51.013;0:21.829;0:55.005;0:34.177;135.617
SPRINT CHALLENGE;TREINO OFICIAL OPCIONAL 2;N/A;14 - André GAIDZINSKI - CHA S;13:20:07.920;2.0;8:35.827;---;0:53.893;0:33.694;29.186
SPRINT CHALLENGE;TREINO OFICIAL OPCIONAL 2;N/A;14 - André GAIDZINSKI - CHA S;13:21:55.756;3.0;1:47.835;0:21.189;0:53.173;0:33.473;139.612
SPRINT CHALLENGE;TREINO OFICIAL OPCIONAL 2;N/A;14 - André GAIDZINSKI - CHA S;13:31:28.120;4.0;7:31.670;---;0:53.996;0:33.686;33.332
SPRINT CHALLENGE;TREINO OFICIAL OPCIONAL 2;N/A;14 - André GAIDZINSKI - CHA S;13:33:13.667;5.0;1:45.546;0:20.579;0:51.905;0:33.060;142.64
SPRINT CHALLENGE;TREINO OFICIAL OPCIONAL 2;N/A;14 - André GAIDZINSKI - CHA S;13:34:59.178;6.0;1:45.510;0:20.771;0:51.848;0:32.890;142.688
SPRINT CHALLENGE;TREINO OFICIAL OPCIONAL 2;N/A;14 - André GAIDZINSKI - CHA S;13:36:44.881;7.0;1:45.703;0:20.785;0:51.656;0:33.261;142.429
SPRINT CHALLENGE;TREINO OFICIAL OPCIONAL 2;N/A;14 - André GAIDZINSKI - CHA S;13:38:41.180;8.0;1:56.299;0:22.664;0:58.655;0:34.978;129.453
SPRINT CHALLENGE;TREINO OFICIAL OPCIONAL 2;N/A;14 - André GAIDZINSKI - CHA S;13:40:28.051;9.0;1:46.870;0:21.149;0:52.353;0:33.368;140.873
SPRINT CHALLENGE;TREINO OFICIAL OPCIONAL 2;N/A;46 - Fabián TARABORELLI - CHA S;13:09:27.538;1.0;1:52.801;0:22.681;0:54.899;0:35.219;133.467
SPRINT CHALLENGE;TREINO OFICIAL OPCIONAL 2;N/A;46 - Fabián TARABORELLI - CHA S;13:17:02.297;2.0;5:21.889;---;0:54.514;0:35.665;46.771
SPRINT CHALLENGE;TREINO OFICIAL OPCIONAL 2;N/A;46 - Fabián TARABORELLI - CHA S;13:18:50.266;3.0;1:47.968;0:21.160;0:53.301;0:33.508;139.44
SPRINT CHALLENGE;TREINO OFICIAL OPCIONAL 2;N/A;46 - Fabián TARABORELLI - CHA S;13:20:40.224;4.0;1:49.957;0:23.234;0:52.753;0:33.969;136.918
SPRINT CHALLENGE;TREINO OFICIAL OPCIONAL 2;N/A;46 - Fabián TARABORELLI - CHA S;13:22:27.031;5.0;1:46.807;0:20.829;0:52.344;0:33.634;140.957
SPRINT CHALLENGE;TREINO OFICIAL OPCIONAL 2;N/A;46 - Fabián TARABORELLI - CHA S;13:32:00.472;6.0;7:08.937;7:58.545;0:58.453;0:36.442;35.099
SPRINT CHALLENGE;TREINO OFICIAL OPCIONAL 2;N/A;46 - Fabián TARABORELLI - CHA S;13:33:48.674;7.0;1:48.201;0:21.516;0:53.356;0:33.329;139.14
SPRINT CHALLENGE;TREINO OFICIAL OPCIONAL 2;N/A;46 - Fabián TARABORELLI - CHA S;13:35:35.266;8.0;1:46.591;0:21.065;0:52.384;0:33.142;141.241
SPRINT CHALLENGE;TREINO OFICIAL OPCIONAL 2;N/A;46 - Fabián TARABORELLI - CHA S;13:37:23.628;9.0;1:48.361;0:21.292;0:53.643;0:33.426;138.934
SPRINT CHALLENGE;TREINO OFICIAL OPCIONAL 2;N/A;46 - Fabián TARABORELLI - CHA S;13:39:10.723;10.0;1:47.094;0:21.028;0:52.524;0:33.542;140.578
SPRINT CHALLENGE;TREINO OFICIAL OPCIONAL 2;N/A;46 - Fabián TARABORELLI - CHA S;13:40:59.400;11.0;1:48.677;0:21.420;0:53.277;0:33.978;138.532
SPRINT CHALLENGE;TREINO OFICIAL OPCIONAL 2;N/A;46 - Fabián TARABORELLI - CHA S;13:52:54.532;12.0;9:44.003;10:20.541;0:57.978;0:36.612;25.779
SPRINT CHALLENGE;TREINO OFICIAL OPCIONAL 2;N/A;46 - Fabián TARABORELLI - CHA S;14:01:15.634;13.0;6:02.259;---;0:56.753;0:34.457;41.559
SPRINT CHALLENGE;TREINO OFICIAL OPCIONAL 2;N/A;46 - Fabián TARABORELLI - CHA S;14:03:03.434;14.0;1:47.799;0:21.163;0:52.854;0:33.781;139.659
SPRINT CHALLENGE;TREINO OFICIAL OPCIONAL 2;N/A;46 - Fabián TARABORELLI - CHA S;14:04:51.457;15.0;1:48.022;0:21.001;0:53.579;0:33.442;139.37
SPRINT CHALLENGE;TREINO OFICIAL OPCIONAL 2;N/A;46 - Fabián TARABORELLI - CHA S;14:06:39.356;16.0;1:47.899;0:21.486;0:53.088;0:33.325;139.53
SPRINT CHALLENGE;TREINO OFICIAL OPCIONAL 2;N/A;100 - Raphael BERNARDES - CHA R;13:09:16.749;1.0;1:49.620;0:21.495;0:54.128;0:33.996;137.339
SPRINT CHALLENGE;TREINO OFICIAL OPCIONAL 2;N/A;100 - Raphael BERNARDES - CHA R;13:16:55.683;2.0;5:25.553;---;0:56.075;0:35.079;46.245
SPRINT CHALLENGE;TREINO OFICIAL OPCIONAL 2;N/A;100 - Raphael BERNARDES - CHA R;13:18:43.779;3.0;1:48.096;0:21.091;0:53.494;0:33.509;139.276
SPRINT CHALLENGE;TREINO OFICIAL OPCIONAL 2;N/A;100 - Raphael BERNARDES - CHA R;13:20:33.203;4.0;1:49.424;0:22.431;0:53.011;0:33.981;137.586
SPRINT CHALLENGE;TREINO OFICIAL OPCIONAL 2;N/A;100 - Raphael BERNARDES - CHA R;13:22:21.637;5.0;1:48.433;0:21.210;0:53.228;0:33.996;138.842
SPRINT CHALLENGE;TREINO OFICIAL OPCIONAL 2;N/A;100 - Raphael BERNARDES - CHA R;13:33:57.011;6.0;9:33.403;---;0:54.993;0:34.503;26.256
SPRINT CHALLENGE;TREINO OFICIAL OPCIONAL 2;N/A;100 - Raphael BERNARDES - CHA R;13:35:44.432;7.0;1:47.421;0:21.077;0:52.347;0:33.996;140.151
SPRINT CHALLENGE;TREINO OFICIAL OPCIONAL 2;N/A;100 - Raphael BERNARDES - CHA R;13:37:31.175;8.0;1:46.742;0:21.126;0:52.043;0:33.573;141.042
SPRINT CHALLENGE;TREINO OFICIAL OPCIONAL 2;N/A;100 - Raphael BERNARDES - CHA R;13:39:18.343;9.0;1:47.168;0:20.913;0:52.462;0:33.792;140.482
SPRINT CHALLENGE;TREINO OFICIAL OPCIONAL 2;N/A;100 - Raphael BERNARDES - CHA R;13:41:05.304;10.0;1:46.960;0:20.791;0:52.119;0:34.049;140.754
SPRINT CHALLENGE;TREINO OFICIAL OPCIONAL 2;N/A;100 - Raphael BERNARDES - CHA R;14:01:32.445;11.0;6:22.283;---;0:56.091;0:34.762;39.382
SPRINT CHALLENGE;TREINO OFICIAL OPCIONAL 2;N/A;100 - Raphael BERNARDES - CHA R;14:03:19.893;12.0;1:47.447;0:21.469;0:52.588;0:33.389;140.116
SPRINT CHALLENGE;TREINO OFICIAL OPCIONAL 2;N/A;100 - Raphael BERNARDES - CHA R;14:05:07.059;13.0;1:47.165;0:20.792;0:52.585;0:33.786;140.485
SPRINT CHALLENGE;TREINO OFICIAL OPCIONAL 2;N/A;129 - Fernando Arruda - CHA R;13:10:14.160;1.0;2:41.415;---;0:54.000;0:34.173;93.27
SPRINT CHALLENGE;TREINO OFICIAL OPCIONAL 2;N/A;129 - Fernando Arruda - CHA R;13:18:25.830;2.0;5:55.555;5:49.233;0:54.085;---;42.343
SPRINT CHALLENGE;TREINO OFICIAL OPCIONAL 2;N/A;129 - Fernando Arruda - CHA R;13:52:29.429;3.0;34:03.598;---;0:56.473;0:33.979;7.367
SPRINT CHALLENGE;TREINO OFICIAL OPCIONAL 2;N/A;129 - Fernando Arruda - CHA R;13:54:45.098;4.0;2:15.669;0:21.202;0:58.841;---;110.97
SPRINT CHALLENGE;TREINO OFICIAL OPCIONAL 2;N/A;129 - Fernando Arruda - CHA R;14:01:25.481;5.0;6:40.382;---;0:52.682;0:34.398;37.602
SPRINT CHALLENGE;TREINO OFICIAL OPCIONAL 2;N/A;129 - Fernando Arruda - CHA R;14:04:00.544;6.0;2:35.062;1:04.647;0:56.793;0:33.621;97.091
SPRINT CHALLENGE;TREINO OFICIAL OPCIONAL 2;N/A;129 - Fernando Arruda - CHA R;14:05:49.071;7.0;1:48.527;0:21.527;0:53.182;0:33.817;138.723
SPRINT CHALLENGE;TREINO OFICIAL OPCIONAL 2;N/A;18 - Ricardo Zylberman - CHA R;13:09:47.438;1.0;1:59.742;0:22.931;0:59.798;0:37.012;125.73
SPRINT CHALLENGE;TREINO OFICIAL OPCIONAL 2;N/A;18 - Ricardo Zylberman - CHA R;13:17:30.171;2.0;5:29.290;---;0:58.481;0:36.360;45.72
SPRINT CHALLENGE;TREINO OFICIAL OPCIONAL 2;N/A;18 - Ricardo Zylberman - CHA R;13:19:24.401;3.0;1:54.230;0:21.675;0:56.009;0:36.545;131.797
SPRINT CHALLENGE;TREINO OFICIAL OPCIONAL 2;N/A;18 - Ricardo Zylberman - CHA R;13:21:23.014;4.0;1:58.612;0:22.625;0:58.061;0:37.926;126.927
SPRINT CHALLENGE;TREINO OFICIAL OPCIONAL 2;N/A;18 - Ricardo Zylberman - CHA R;13:33:32.967;5.0;10:04.238;---;0:55.750;0:35.134;24.916
SPRINT CHALLENGE;TREINO OFICIAL OPCIONAL 2;N/A;18 - Ricardo Zylberman - CHA R;13:35:25.249;6.0;1:52.281;0:21.516;0:54.543;0:36.220;134.084
SPRINT CHALLENGE;TREINO OFICIAL OPCIONAL 2;N/A;18 - Ricardo Zylberman - CHA R;13:37:18.144;7.0;1:52.894;0:21.832;0:55.704;0:35.357;133.356
SPRINT CHALLENGE;TREINO OFICIAL OPCIONAL 2;N/A;18 - Ricardo Zylberman - CHA R;13:39:10.043;8.0;1:51.899;0:21.196;0:54.304;0:36.399;134.543
SPRINT CHALLENGE;TREINO OFICIAL OPCIONAL 2;N/A;18 - Ricardo Zylberman - CHA R;13:41:02.547;9.0;1:52.504;0:21.346;0:56.079;0:35.078;133.819
SPRINT CHALLENGE;TREINO OFICIAL OPCIONAL 2;N/A;18 - Ricardo Zylberman - CHA R;13:52:58.233;10.0;9:40.724;10:21.871;0:57.075;0:36.738;25.925
SPRINT CHALLENGE;TREINO OFICIAL OPCIONAL 2;N/A;18 - Ricardo Zylberman - CHA R;14:01:40.782;11.0;6:21.607;---;0:57.848;0:35.966;39.452
SPRINT CHALLENGE;TREINO OFICIAL OPCIONAL 2;N/A;18 - Ricardo Zylberman - CHA R;14:03:33.966;12.0;1:53.183;0:21.855;0:55.604;0:35.723;133.015
SPRINT CHALLENGE;TREINO OFICIAL OPCIONAL 2;N/A;18 - Ricardo Zylberman - CHA R;14:05:30.042;13.0;1:56.075;0:22.463;0:57.783;0:35.829;129.701
